{"cameraMode":{"drawMode":0,"name":"Shaded","section":"Shading Mode"},"sceneLighting":true,"audioPlay":false,"sceneViewState":{"m_AlwaysRefresh":false,"showFog":true,"showSkybox":false,"showFlares":true,"showImageEffects":true,"showParticleSystems":true,"showVisualEffectGraphs":true,"m_FxEnabled":true},"in2DMode":false,"pivot":{"x":-0.12868493795394898,"y":0.8589730262756348,"z":0.08866691589355469},"rotation":{"x":0.30827605724334719,"y":0.20373421907424928,"z":-0.06756400316953659,"w":0.926994264125824},"size":3.4192276000976564,"orthographic":false}