{"cameraMode":{"drawMode":0,"name":"Shaded","section":"Shading Mode"},"sceneLighting":false,"audioPlay":false,"sceneViewState":{"m_AlwaysRefresh":false,"showFog":true,"showSkybox":false,"showFlares":true,"showImageEffects":true,"showParticleSystems":true,"showVisualEffectGraphs":true,"m_FxEnabled":true},"in2DMode":false,"pivot":{"x":-0.003956317901611328,"y":0.09816306829452515,"z":-0.013937711715698243},"rotation":{"x":0.30827605724334719,"y":0.20373421907424928,"z":-0.06756400316953659,"w":0.926994264125824},"size":3.686955213546753,"orthographic":false}