{"cameraMode":{"drawMode":0,"name":"Shaded","section":"Shading Mode"},"sceneLighting":true,"audioPlay":false,"sceneViewState":{"m_AlwaysRefresh":false,"showFog":true,"showSkybox":false,"showFlares":true,"showImageEffects":true,"showParticleSystems":true,"showVisualEffectGraphs":true,"m_FxEnabled":true},"in2DMode":false,"pivot":{"x":-0.0017859935760498047,"y":-0.16499567031860352,"z":-0.00936126708984375},"rotation":{"x":0.30827605724334719,"y":0.20373421907424928,"z":-0.06756400316953659,"w":0.926994264125824},"size":4.81133508682251,"orthographic":false}