{"cameraMode":{"drawMode":0,"name":"Shaded","section":"Shading Mode"},"sceneLighting":false,"audioPlay":false,"sceneViewState":{"m_AlwaysRefresh":false,"showFog":true,"showSkybox":false,"showFlares":true,"showImageEffects":true,"showParticleSystems":true,"showVisualEffectGraphs":true,"m_FxEnabled":true},"in2DMode":false,"pivot":{"x":-0.5327180624008179,"y":0.7614331841468811,"z":-1.0450187921524048},"rotation":{"x":0.3045802414417267,"y":0.24907751381397248,"z":-0.0826435387134552,"w":0.915852963924408},"size":0.0005173205281607807,"orthographic":false}